1,Canotta AliceBlue,Sport,84.48,Non disponibile
1,Canotta AliceBlue,Sport,92.93,Non disponibile
2,Scarpe eleganti CornflowerBlue,Shoes,59.85,Non disponibile
3,Leggings Aqua,Donna,87.45,Non disponibile
4,Leggings Tomato,Donna,89.1,Disponibile
5,Scarpe da ginnastica Blue,Sport,96.54,Non disponibile
6,Giacca Wheat,Donna,44.36,Non disponibile
7,Canotta Chocolate,Sport,23.02,Non disponibile
8,Giacca Magenta,Donna,95.51,Disponibile
9,Camicia PaleGoldenRod,Uomo,28.08,Non disponibile
10,Occhiali da sole Aqua,Accessori,60.02,Disponibile
11,Gonna LightCyan,Donna,85.69,Non disponibile
12,Giacca Thistle,Donna,94.61,Non disponibile
13,Orologio DarkOrange,Accessori,76.15,Disponibile
14,Cappellino LightYellow,Bambino,94.74,Non disponibile
15,Sneakers PaleGoldenRod,Shoes,106.35,Non disponibile
16,Borsa Orchid,Accessori,71.83,Disponibile
17,Stivaletti LightSalmon,Shoes,86.61,Disponibile
18,Maglia termica Thistle,Sport,55.45,Disponibile
19,Pantaloni GoldenRod,Bambino,73.93,Non disponibile
20,T-shirt Maroon,Bambino,25.55,Disponibile
21,Zaino PapayaWhip,Accessori,88.56,Non disponibile
22,Occhiali da sole LightSeaGreen,Accessori,31.4,Disponibile
23,Tuta Pink,Sport,58.73,Non disponibile
24,Gonna Beige,Donna,85.34,Disponibile
25,Shorts DarkGreen,Bambino,108.61,Non disponibile
26,Pantaloni Wheat,Bambino,39.8,Non disponibile
27,Cintura Blue,Accessori,60.39,Non disponibile
28,Cintura GhostWhite,Accessori,107.84,Non disponibile
29,Felpa Snow,Bambino,74.21,Non disponibile
30,Maglia termica MediumVioletRed,Sport,47.55,Disponibile
31,Orologio Magenta,Accessori,58.86,Disponibile
32,Maglia termica OrangeRed,Sport,20.7,Non disponibile
33,Jeans Green,Uomo,41.62,Disponibile
34,Jeans DarkOrange,Uomo,55.45,Non disponibile
35,Maglia termica MediumBlue,Sport,49.04,Non disponibile
36,Shorts Aqua,Bambino,35.55,Non disponibile
37,Sandali Sienna,Shoes,64.1,Disponibile
38,Giubbotto LavenderBlush,Bambino,53.08,Non disponibile
39,Stivaletti Chocolate,Shoes,105.5,Disponibile
40,Giacca Salmon,Donna,74.94,Disponibile
41,Blusa MediumPurple,Donna,52.19,Disponibile
42,Tuta Cyan,Sport,61.05,Disponibile
43,Borsa LightGreen,Accessori,54.93,Disponibile
44,Pantaloncini MintCream,Sport,69.21,Non disponibile
45,Felpa Maroon,Bambino,104.7,Non disponibile
46,Tuta LightCyan,Sport,74.36,Non disponibile
47,Camicia FloralWhite,Uomo,21.41,Disponibile
48,Pantaloni LightSalmon,Bambino,21.91,Disponibile
49,Cappellino Green,Bambino,107.27,Disponibile
50,Gonna White,Donna,109.6,Disponibile
51,Shorts SteelBlue,Bambino,25.08,Non disponibile
52,Scarpe da corsa PeachPuff,Shoes,31.78,Non disponibile
53,Giacca LightSeaGreen,Uomo,56.11,Disponibile
54,T-shirt Indigo,Uomo,59.06,Non disponibile
55,T-shirt Bisque,Uomo,34.17,Non disponibile
56,Jeans White,Uomo,89.26,Non disponibile
57,Camicia BurlyWood,Uomo,51.92,Non disponibile
58,T-shirt DarkSeaGreen,Uomo,44.17,Disponibile
59,Cintura Gray,Accessori,83.16,Non disponibile
60,Cintura Violet,Accessori,84.26,Non disponibile
61,Scarpe da ginnastica PaleTurquoise,Sport,93.88,Non disponibile
62,Sneakers LightGray,Shoes,40.97,Non disponibile
63,Camicia DarkSeaGreen,Uomo,83.69,Disponibile
64,Giubbotto Orchid,Bambino,80.01,Disponibile
65,Shorts Brown,Bambino,15.14,Disponibile
66,Giubbotto LightCoral,Bambino,45.43,Non disponibile
67,Gonna DarkOrchid,Donna,56.48,Disponibile
68,Felpa DarkSlateGray,Uomo,31.9,Non disponibile
69,Giubbotto LavenderBlush,Bambino,22.52,Disponibile
70,Shorts PaleGreen,Bambino,59.09,Disponibile
71,Cintura AntiqueWhite,Accessori,60.63,Non disponibile
72,T-shirt GoldenRod,Uomo,81.8,Disponibile
73,Cintura Red,Accessori,67.72,Non disponibile
74,Blusa Cornsilk,Donna,27.03,Disponibile
75,Canotta Yellow,Sport,88.11,Non disponibile
76,Camicia LightBlue,Uomo,22.85,Disponibile
77,Giacca Coral,Donna,21.16,Non disponibile
78,Shorts DeepSkyBlue,Bambino,88.68,Disponibile
79,T-shirt SaddleBrown,Bambino,36.99,Disponibile
80,Scarpe da corsa MediumSeaGreen,Shoes,19.75,Non disponibile
81,Maglia termica BlueViolet,Sport,38.73,Disponibile
82,Scarpe da ginnastica LightSteelBlue,Sport,103.59,Non disponibile
83,Stivaletti LimeGreen,Shoes,89.86,Non disponibile
84,Jeans BurlyWood,Uomo,90.3,Disponibile
85,Stivaletti Purple,Shoes,92.25,Non disponibile
86,Zaino LightGreen,Accessori,93.42,Non disponibile
87,Camicia LightSkyBlue,Uomo,28.73,Non disponibile
88,Felpa Teal,Uomo,24.82,Disponibile
89,Top MistyRose,Donna,21.47,Disponibile
90,Cappellino DodgerBlue,Bambino,19.39,Disponibile
91,Cappellino Linen,Bambino,76.24,Disponibile
92,Felpa Pink,Uomo,47.95,Non disponibile
93,Maglia termica Orange,Sport,103.49,Non disponibile
94,Canotta SteelBlue,Sport,97.81,Non disponibile
95,Zaino RoyalBlue,Accessori,107.44,Disponibile
96,Tuta Purple,Sport,69.48,Non disponibile
97,Sandali DarkBlue,Shoes,18,Disponibile
98,Sneakers MediumPurple,Shoes,58.78,Disponibile
99,Jeans MistyRose,Uomo,19.9,Disponibile
100,Giubbotto LightSeaGreen,Bambino,31.64,Disponibile
101,Pantaloni SeaGreen,Bambino,73.37,Disponibile
102,Cintura MediumSpringGreen,Accessori,100.98,Non disponibile
103,Leggings Thistle,Donna,99.82,Non disponibile
104,Tuta DarkSalmon,Sport,43.81,Non disponibile
105,Scarpe da ginnastica Plum,Sport,61.73,Non disponibile
106,Stivaletti MediumSpringGreen,Shoes,105.03,Non disponibile
107,Scarpe eleganti LightGreen,Shoes,82.79,Non disponibile
108,Orologio MediumPurple,Accessori,105.3,Disponibile
109,Maglia termica PaleGreen,Sport,92.21,Disponibile
110,Canotta LightSeaGreen,Sport,46.64,Disponibile
111,Shorts SkyBlue,Bambino,51.82,Non disponibile
112,Camicia Chartreuse,Uomo,79.75,Non disponibile
113,Sneakers LightBlue,Shoes,63.49,Disponibile
114,T-shirt DarkSalmon,Uomo,100.13,Disponibile
115,Sneakers SlateGray,Shoes,31.82,Non disponibile
116,Borsa Brown,Accessori,22.87,Non disponibile
117,Vestito Aqua,Donna,106.89,Non disponibile
118,Giacca Black,Uomo,20.71,Non disponibile
119,Borsa Purple,Accessori,38.93,Disponibile
120,Shorts PaleVioletRed,Bambino,20.94,Non disponibile
121,Blusa Blue,Donna,86.45,Non disponibile
122,Pantaloncini Indigo,Sport,90.55,Non disponibile
123,Giacca DarkBlue,Uomo,44.54,Disponibile
124,Vestito LemonChiffon,Donna,63.04,Non disponibile
125,Giacca Salmon,Uomo,62.94,Disponibile
126,Maglia termica Linen,Sport,53.4,Disponibile
127,Occhiali da sole SpringGreen,Accessori,70.06,Non disponibile
128,Scarpe da corsa Chocolate,Shoes,44.33,Non disponibile
129,Borsa Violet,Accessori,46.24,Disponibile
130,Stivaletti DarkSalmon,Shoes,84.12,Non disponibile
131,Maglia termica MintCream,Sport,94.8,Disponibile
132,Vestito Cornsilk,Donna,19.01,Disponibile
133,Canotta DarkSeaGreen,Sport,81.39,Non disponibile
134,Cintura LightSteelBlue,Accessori,11.1,Non disponibile
135,Sneakers White,Shoes,39.58,Disponibile
136,T-shirt Pink,Bambino,72.46,Non disponibile
137,Gonna PapayaWhip,Donna,77.11,Non disponibile
138,Giacca Olive,Donna,54.92,Non disponibile
139,Cintura MediumSpringGreen,Accessori,24.18,Disponibile
140,Giubbotto OrangeRed,Bambino,31.89,Disponibile
141,Borsa Salmon,Accessori,103.94,Non disponibile
142,Gonna SlateBlue,Donna,25.69,Disponibile
143,Giubbotto SeaShell,Bambino,100.53,Non disponibile
144,Canotta DarkRed,Sport,15.26,Disponibile
145,Sneakers BurlyWood,Shoes,25.23,Non disponibile
146,T-shirt BurlyWood,Bambino,56.87,Non disponibile
147,Occhiali da sole OliveDrab,Accessori,11.11,Disponibile
148,Top MediumSeaGreen,Donna,73.63,Non disponibile
149,Scarpe eleganti MediumTurquoise,Shoes,15.63,Non disponibile
150,Tuta MediumPurple,Sport,64.97,Disponibile
151,T-shirt BlanchedAlmond,Bambino,18.41,Non disponibile
152,Felpa PowderBlue,Uomo,15.79,Disponibile
153,Orologio Purple,Accessori,71.67,Non disponibile
154,Scarpe eleganti Indigo,Shoes,73.53,Non disponibile
155,Canotta Lavender,Sport,13.51,Disponibile
156,Occhiali da sole DarkOliveGreen,Accessori,98.32,Non disponibile
157,Pantaloni DarkRed,Uomo,108.79,Disponibile
158,Giacca Peru,Donna,75.25,Disponibile
159,Sneakers WhiteSmoke,Shoes,22.53,Non disponibile
160,Maglia termica Linen,Sport,81.48,Disponibile
161,Cintura DarkSlateGray,Accessori,11.89,Disponibile
162,Felpa PowderBlue,Uomo,18.96,Disponibile
163,Shorts Thistle,Bambino,83.47,Non disponibile
164,T-shirt NavajoWhite,Bambino,74.89,Disponibile
165,Cintura NavajoWhite,Accessori,58.55,Non disponibile
166,Shorts Red,Bambino,52.55,Disponibile
167,Giacca DarkOliveGreen,Uomo,77.59,Disponibile
168,Felpa Gold,Uomo,33.7,Disponibile
169,Camicia LemonChiffon,Uomo,84.19,Disponibile
170,Scarpe da corsa MidnightBlue,Shoes,51.39,Non disponibile
171,Giacca Salmon,Uomo,108.66,Disponibile
172,Tuta SeaShell,Sport,53.68,Disponibile
173,Gonna DarkSlateBlue,Donna,61.63,Non disponibile
174,Orologio Lime,Accessori,95.36,Disponibile
175,Maglia termica WhiteSmoke,Sport,21.85,Disponibile
176,Scarpe eleganti Red,Shoes,70.44,Disponibile
177,Scarpe da corsa Orange,Shoes,42.21,Non disponibile
178,Giubbotto LightGray,Bambino,84.23,Non disponibile
179,Sneakers DarkRed,Shoes,20.82,Disponibile
180,T-shirt MediumSlateBlue,Bambino,26.26,Non disponibile
181,Gonna Salmon,Donna,74.08,Disponibile
182,Giacca Black,Uomo,72.66,Non disponibile
183,Canotta AntiqueWhite,Sport,31.39,Disponibile
184,Sneakers PowderBlue,Shoes,102.37,Disponibile
185,Giubbotto ForestGreen,Bambino,22.84,Disponibile
186,Blusa OldLace,Donna,21.38,Disponibile
187,Scarpe eleganti LightCyan,Shoes,27.04,Disponibile
188,Blusa WhiteSmoke,Donna,47.55,Disponibile
189,Zaino DarkTurquoise,Accessori,61.64,Disponibile
190,Scarpe eleganti LightBlue,Shoes,17.22,Non disponibile
191,Giacca PaleGreen,Uomo,21.64,Non disponibile
192,Pantaloni RoyalBlue,Uomo,26.4,Disponibile
193,Pantaloncini LemonChiffon,Sport,37.43,Disponibile
194,Pantaloni HotPink,Bambino,97.81,Non disponibile
195,Top Snow,Donna,57.63,Disponibile
196,Leggings DarkKhaki,Donna,30.84,Non disponibile
197,Felpa BurlyWood,Uomo,75.62,Disponibile
198,Zaino Plum,Accessori,96.82,Non disponibile
199,T-shirt Sienna,Uomo,61.13,Disponibile
200,Scarpe da ginnastica HoneyDew,Sport,61.69,Disponibile
