198,Zaino Plum,Accessori,88.02,Non disponibile
10,Occhiali da sole Aqua,Accessori,54.56,Disponibile
13,Orologio DarkOrange,Accessori,69.23,Disponibile
16,Borsa Orchid,Accessori,65.3,Disponibile
21,Zaino PapayaWhip,Accessori,80.51,Non disponibile
22,Occhiali da sole LightSeaGreen,Accessori,28.55,Disponibile
27,Cintura Blue,Accessori,54.9,Non disponibile
28,Cintura GhostWhite,Accessori,98.04,Non disponibile
31,Orologio Magenta,Accessori,53.51,Disponibile
43,Borsa LightGreen,Accessori,49.94,Disponibile
59,Cintura Gray,Accessori,75.6,Non disponibile
60,Cintura Violet,Accessori,76.6,Non disponibile
71,Cintura AntiqueWhite,Accessori,55.12,Non disponibile
73,Cintura Red,Accessori,61.56,Non disponibile
86,Zaino LightGreen,Accessori,84.93,Non disponibile
95,Zaino RoyalBlue,Accessori,97.67,Disponibile
102,Cintura MediumSpringGreen,Accessori,91.8,Non disponibile
108,Orologio MediumPurple,Accessori,95.73,Disponibile
116,Borsa Brown,Accessori,20.79,Non disponibile
119,Borsa Purple,Accessori,35.39,Disponibile
127,Occhiali da sole SpringGreen,Accessori,63.69,Non disponibile
129,Borsa Violet,Accessori,42.04,Disponibile
134,Cintura LightSteelBlue,Accessori,10.09,Non disponibile
139,Cintura MediumSpringGreen,Accessori,21.98,Disponibile
141,Borsa Salmon,Accessori,94.49,Non disponibile
147,Occhiali da sole OliveDrab,Accessori,10.1,Disponibile
153,Orologio Purple,Accessori,65.15,Non disponibile
156,Occhiali da sole DarkOliveGreen,Accessori,89.38,Non disponibile
161,Cintura DarkSlateGray,Accessori,10.81,Disponibile
165,Cintura NavajoWhite,Accessori,53.23,Non disponibile
174,Orologio Lime,Accessori,86.69,Disponibile
189,Zaino DarkTurquoise,Accessori,56.04,Disponibile
198,Zaino Plum,Accessori,88.02,Non disponibile
