196,Leggings DarkKhaki,Donna,28.04,Non disponibile
3,Leggings Aqua,Donna,79.5,Non disponibile
4,Leggings Tomato,Donna,81.0,Disponibile
6,Giacca Wheat,Donna,40.33,Non disponibile
8,Giacca Magenta,Donna,86.83,Disponibile
11,Gonna LightCyan,Donna,77.9,Non disponibile
12,Giacca Thistle,Donna,86.01,Non disponibile
24,Gonna Beige,Donna,77.58,Disponibile
40,Giacca Salmon,Donna,68.13,Disponibile
41,Blusa MediumPurple,Donna,47.45,Disponibile
50,Gonna White,Donna,99.64,Disponibile
67,Gonna DarkOrchid,Donna,51.35,Disponibile
74,Blusa Cornsilk,Donna,24.57,Disponibile
77,Giacca Coral,Donna,19.24,Non disponibile
89,Top MistyRose,Donna,19.52,Disponibile
103,Leggings Thistle,Donna,90.75,Non disponibile
117,Vestito Aqua,Donna,97.17,Non disponibile
121,Blusa Blue,Donna,78.59,Non disponibile
124,Vestito LemonChiffon,Donna,57.31,Non disponibile
132,Vestito Cornsilk,Donna,17.28,Disponibile
137,Gonna PapayaWhip,Donna,70.1,Non disponibile
138,Giacca Olive,Donna,49.93,Non disponibile
142,Gonna SlateBlue,Donna,23.35,Disponibile
148,Top MediumSeaGreen,Donna,66.94,Non disponibile
158,Giacca Peru,Donna,68.41,Disponibile
173,Gonna DarkSlateBlue,Donna,56.03,Non disponibile
181,Gonna Salmon,Donna,67.35,Disponibile
186,Blusa OldLace,Donna,19.44,Disponibile
188,Blusa WhiteSmoke,Donna,43.23,Disponibile
195,Top Snow,Donna,52.39,Disponibile
196,Leggings DarkKhaki,Donna,28.04,Non disponibile
