190,Scarpe eleganti LightBlue,Shoes,15.65,Non disponibile
2,Scarpe eleganti CornflowerBlue,Shoes,54.41,Non disponibile
15,Sneakers PaleGoldenRod,Shoes,96.68,Non disponibile
17,Stivaletti LightSalmon,Shoes,78.74,Disponibile
37,Sandali Sienna,Shoes,58.27,Disponibile
39,Stivaletti Chocolate,Shoes,95.91,Disponibile
52,Scarpe da corsa PeachPuff,Shoes,28.89,Non disponibile
62,Sneakers LightGray,Shoes,37.25,Non disponibile
80,Scarpe da corsa MediumSeaGreen,Shoes,17.95,Non disponibile
83,Stivaletti LimeGreen,Shoes,81.69,Non disponibile
85,Stivaletti Purple,Shoes,83.86,Non disponibile
97,Sandali DarkBlue,Shoes,16.36,Disponibile
98,Sneakers MediumPurple,Shoes,53.44,Disponibile
106,Stivaletti MediumSpringGreen,Shoes,95.48,Non disponibile
107,Scarpe eleganti LightGreen,Shoes,75.26,Non disponibile
113,Sneakers LightBlue,Shoes,57.72,Disponibile
115,Sneakers SlateGray,Shoes,28.93,Non disponibile
128,Scarpe da corsa Chocolate,Shoes,40.3,Non disponibile
130,Stivaletti DarkSalmon,Shoes,76.47,Non disponibile
135,Sneakers White,Shoes,35.98,Disponibile
145,Sneakers BurlyWood,Shoes,22.94,Non disponibile
149,Scarpe eleganti MediumTurquoise,Shoes,14.21,Non disponibile
154,Scarpe eleganti Indigo,Shoes,66.85,Non disponibile
159,Sneakers WhiteSmoke,Shoes,20.48,Non disponibile
170,Scarpe da corsa MidnightBlue,Shoes,46.72,Non disponibile
176,Scarpe eleganti Red,Shoes,64.04,Disponibile
177,Scarpe da corsa Orange,Shoes,38.37,Non disponibile
179,Sneakers DarkRed,Shoes,18.93,Disponibile
184,Sneakers PowderBlue,Shoes,93.06,Disponibile
187,Scarpe eleganti LightCyan,Shoes,24.58,Disponibile
190,Scarpe eleganti LightBlue,Shoes,15.65,Non disponibile
