199,T-shirt Sienna,Uomo,55.57,Disponibile
9,Camicia PaleGoldenRod,Uomo,25.53,Non disponibile
33,Jeans Green,Uomo,37.84,Disponibile
34,Jeans DarkOrange,Uomo,50.41,Non disponibile
47,Camicia FloralWhite,Uomo,19.46,Disponibile
53,Giacca LightSeaGreen,Uomo,51.01,Disponibile
54,T-shirt Indigo,Uomo,53.69,Non disponibile
55,T-shirt Bisque,Uomo,31.06,Non disponibile
56,Jeans White,Uomo,81.15,Non disponibile
57,Camicia BurlyWood,Uomo,47.2,Non disponibile
58,T-shirt DarkSeaGreen,Uomo,40.15,Disponibile
63,Camicia DarkSeaGreen,Uomo,76.08,Disponibile
68,Felpa DarkSlateGray,Uomo,29.0,Non disponibile
72,T-shirt GoldenRod,Uomo,74.36,Disponibile
76,Camicia LightBlue,Uomo,20.77,Disponibile
84,Jeans BurlyWood,Uomo,82.09,Disponibile
87,Camicia LightSkyBlue,Uomo,26.12,Non disponibile
88,Felpa Teal,Uomo,22.56,Disponibile
92,Felpa Pink,Uomo,43.59,Non disponibile
99,Jeans MistyRose,Uomo,18.09,Disponibile
112,Camicia Chartreuse,Uomo,72.5,Non disponibile
114,T-shirt DarkSalmon,Uomo,91.03,Disponibile
118,Giacca Black,Uomo,18.83,Non disponibile
123,Giacca DarkBlue,Uomo,40.49,Disponibile
125,Giacca Salmon,Uomo,57.22,Disponibile
152,Felpa PowderBlue,Uomo,14.35,Disponibile
157,Pantaloni DarkRed,Uomo,98.9,Disponibile
162,Felpa PowderBlue,Uomo,17.24,Disponibile
167,Giacca DarkOliveGreen,Uomo,70.54,Disponibile
168,Felpa Gold,Uomo,30.64,Disponibile
169,Camicia LemonChiffon,Uomo,76.54,Disponibile
171,Giacca Salmon,Uomo,98.78,Disponibile
182,Giacca Black,Uomo,66.05,Non disponibile
191,Giacca PaleGreen,Uomo,19.67,Non disponibile
192,Pantaloni RoyalBlue,Uomo,24.0,Disponibile
197,Felpa BurlyWood,Uomo,68.75,Disponibile
199,T-shirt Sienna,Uomo,55.57,Disponibile
